{"alimentosDatas":[{"tempoResposta":[2.551586151123047,1.4239797592163087,2.4681849479675295,1.7389545440673829,2.1068944931030275,2.7004942893981935,1.5739173889160157,0.8279991149902344,1.4242620468139649,1.2754745483398438,2.220285415649414,1.557260513305664],"tempoJogo":21.869293212890626,"acertos":6,"erros":6,"nota":0,"level":"F"}]}