{"alimentosDatas":[{"tempoResposta":[1.1596002578735352,1.2921018600463868,0.4307432174682617,0.6295976638793945,1.0934982299804688,0.8448972702026367,0.8449020385742188,3.064155101776123,1.1431035995483399,0.4482393264770508,1.507568359375,3.578456401824951],"tempoJogo":16.036863327026368,"acertos":6,"erros":6,"nota":7,"level":"F"},{"tempoResposta":[0.6129589080810547,0.6628990173339844,1.523747444152832,1.1430988311767579,0.7280311584472656,0.7126445770263672,1.458531379699707,1.1258840560913087,0.4472990036010742,0.4141530990600586,0.5633716583251953,0.33127403259277346],"tempoJogo":9.723893165588379,"acertos":2,"erros":10,"nota":5,"level":"F"},{"tempoResposta":[2.816338539123535,6.923954010009766,3.048267364501953,7.322464466094971,1.606710433959961,4.688365936279297,2.5015668869018556,2.1373071670532228,0.596343994140625,0.8787736892700195,0.33133602142333987,0.596405029296875],"tempoJogo":33.44783401489258,"acertos":9,"erros":3,"nota":10,"level":"M"},{"tempoResposta":[0.9608707427978516,0.7620687484741211,1.6235389709472657,1.3086042404174805,0.8292236328125,1.2094402313232422,1.1099891662597657,1.225881576538086,2.0377020835876467,0.8946037292480469,2.253065586090088,1.1099624633789063],"tempoJogo":15.324951171875,"acertos":12,"erros":0,"nota":20,"level":"D"}],"notaFacil":7,"notaMedio":10,"notaDificil":20}