{"memoriaDatas":[{"tempoAcerto":[9.21055793762207,7.024264812469482,14.612041473388672,2.302616834640503,4.821338653564453,5.218689918518066,2.302199602127075,3.8932695388793947,1.838646411895752],"tempoJogo":51.2237548828125,"erros":13,"nota":7,"level":"F"},{"tempoAcerto":[9.591838836669922,4.092563152313232,5.0522356033325199,5.616101264953613,7.189934730529785,2.236910820007324,3.1969547271728517,2.121081829071045,1.8714842796325684],"tempoJogo":40.969207763671878,"erros":9,"nota":10,"level":"M"}],"notaFacil":7,"notaMedio":10,"notaDificil":0}